"0","Sys.setlocale(""LC_ALL"", ""en_US.UTF-8"")"
"1","[1]"
"1"," ""en_US.UTF-8/en_US.UTF-8/en_US.UTF-8/C/en_US.UTF-8/en_US.UTF-8"""
"1","
"
"0","selected_year <- 2016"
"0","    selected_category <- ""Furniture"""
"0","    selected_segment <- ""Consumer"""
"0","    "
"0","    plot_data <- ecom %>% "
"0","      group_by(Product.Name, Segment, "
"0","               Category, Sub.Category, Order.Year) %>% "
"0","      summarise(total_sales = sum(Sales)) %>% "
"0","      ungroup() %>% "
"0","      arrange(desc(total_sales)) %>% "
"0","      mutate("
"0","        tooltip = ""hehe"""
"0","      )"
"2","`summarise()` has grouped output by 'Product.Name', 'Segment', 'Category', 'Sub.Category'. You can override using the `.groups` argument."
"0","    "
"0","    if (selected_category != ""All"" | selected_segment != ""All""){"
"0","      plot_data <- plot_data %>% "
"0","        filter(Order.Year == selected_year,"
"0","               Category == selected_category,"
"0","               Segment == selected_segment)"
"0","    }else if(selected_category != ""All""){"
"0","      plot_data <- plot_data %>% "
"0","      filter(Order.Year == selected_year,"
"0","             Category == selected_category)"
"0","    }else if(selected_segment != ""All""){"
"0","      plot_data <- plot_data %>% "
"0","      filter(Order.Year == selected_year,"
"0","             Segment == selected_segment)"
"0","    }else{"
"0","      plot_data <- plot_data %>% "
"0","      filter(Order.Year == selected_year)"
"0","    }"
"0","    "
"0","    plot_top10_product <- ggplot(head(plot_data), aes(y = reorder(Product.Name, total_sales), x = total_sales, text = ""hehe"")) +"
"0","      geom_bar(stat = ""identity"", size = 2, aes(fill = total_sales), show.legend = F) +"
"0","      scale_fill_gradient(low = ""navy"", high = ""lightblue"") +"
"0","      labs("
"0","        title = ""Top 10 Products by Sales"","
"0","      ) +"
"0","      theme_minimal()"
"0","    "
"0","    ggplotly(plot_top10_product)"
"2","Warning: input string 6 is invalid in this locale"
"2","Error in gsub(""\n"", br(), a, fixed = TRUE) : 
  input string 6 is invalid in this locale
"
