"0","    plot_data <- ecom %>%"
"0","      group_by(Order.Year, Segment, Order.Month) %>%"
"0","      summarise(total_profit = sum(Profit)) %>% "
"0","      ungroup() %>%"
"0","      mutate(Month.Name = month.name[Order.Month],"
"0","             tooltip = paste(Segment,"
"0","                             ""\n$"", Month.Name,"
"0","                             ""\n$"", format(round(total_profit, 2), big.mark = "",""),"
"0","                             sep = """"))"
"2","`summarise()` has grouped output by 'Order.Year', 'Segment'. You can override using the `.groups` argument."
"0","    "
"0","    max_profit <- max(plot_data$total_profit)"
"0","    min_profit <- min(plot_data$total_profit)"
"0","    "
"0","    selected_year <- 2014"
"0","    "
"0","    filtered_plot_data <- plot_data %>% "
"0","      filter(Order.Year == selected_year) %>% "
"0","      mutate(avg_profit = median(total_profit))"
"2","Error in exists(cacheKey, where = .rs.WorkingDataEnv, inherits = FALSE) : 
  invalid first argument
"
"2","Error in assign(cacheKey, frame, .rs.CachedDataEnv) : 
  attempt to use zero-length variable name
"
"0","    "
"0","    plot_profit_segment_trend <- ggplot(filtered_plot_data, aes(x = Order.Month, y = total_profit, text = tooltip)) +"
"0","      geom_line(aes(y = avg_profit, text = paste(""Median:\n$"", format(round(avg_profit, 2), big.mark = "",""), sep = "" "")),"
"0","                size = 1,"
"0","                col = ""pink"","
"0","                group = 1,"
"0","                show.legend = TRUE) +"
"0","      geom_line(data = filter(filtered_plot_data, Segment == ""Consumer""), aes(y = total_profit),"
"0","                size = 1,"
"0","                col = ""green"","
"0","                group = 2,"
"0","                show.legend = TRUE) +"
"0","      geom_line(data = filter(filtered_plot_data, Segment == ""Corporate""), aes(y = total_profit),"
"0","                size = 1,"
"0","                col = ""red"","
"0","                group = 3,"
"0","                show.legend = TRUE) +"
"0","      geom_line(data = filter(filtered_plot_data, Segment == ""Home Office""), aes(y = total_profit),"
"0","                size = 1,"
"0","                col = ""blue"","
"0","                group = 4,"
"0","                show.legend = TRUE) +"
"0","      labs("
"0","        title = glue(""Segment Trends""),"
"0","        x = NULL,"
"0","        y = NULL"
"0","      ) +"
"0","      ylim(min_profit, max_profit) +"
"0","      scale_x_continuous(breaks = seq(min(filtered_plot_data$Order.Month), max(filtered_plot_data$Order.Month), by = 2),"
"0","                         labels = function(x) month.name[x]) +"
"0","      theme_minimal() +"
"0","      theme(legend.position = ""bottom"")  # Move the legend to the bottom"
"2","Warning: [38;5;252mIgnoring unknown aesthetics: [32mtext[38;5;252m[39m"
"0","    "
"0","    ggplotly(plot_profit_segment_trend, tooltip = ""text"")"
