"0","library(shiny) "
"0","library(shinydashboard)"
"0","library(DT)"
"0",""
"0","library(dplyr)"
"0","library(lubridate)"
"0","library(ggplot2)"
"0","library(plotly)"
"0","library(glue)"
"0",""
"0","# Read the data"
"0","ecom <- read.csv(""Sample - Superstore.csv"", stringsAsFactors = T)"
"0",""
"0","#----Correct wrong data types----"
"0","ecom <- mutate("
"0","  ecom,"
"0","  Order.Date = mdy(Order.Date),"
"0","  Ship.Date = mdy(Ship.Date)"
"0",")"
"0",""
"0","# I make a loop to automatically turn a factor into character if it has more than 20 levels"
"0","for (col in colnames(ecom)) {"
"0","  # Check if the column is a factor"
"0","  if (is.factor(ecom[[col]])) {"
"0","    # Check if the number of levels is more 20"
"0","    if (nlevels(ecom[[col]]) > 20) {"
"0","      # Convert the factor column to character"
"0","      ecom <- mutate(ecom, !!col := as.character(!!sym(col)))"
"0","    }"
"0","  }"
"0","}"
"0",""
"0","# Order data rows based on Order.Date"
"0","ecom <- arrange(ecom, Order.Date)"
"0",""
"0","available_years <- unique(mutate(ecom, Order.Year = year(Order.Date))$Order.Year)"
"0",""
"0",""
