{"chunk_definitions":[{"row":39,"row_count":1,"visible":true,"expansion_state":0,"options":{"engine":"r","label":"unnamed-chunk-4"},"document_id":"A62D1D92","chunk_id":"c46p2wajwgsmn","chunk_label":"unnamed-chunk-1"},{"row":74,"row_count":1,"visible":true,"expansion_state":0,"options":{"engine":"r","label":"unnamed-chunk-4"},"document_id":"A62D1D92","chunk_id":"cwr9xvk7b3jyb","chunk_label":"unnamed-chunk-2"},{"row":101,"row_count":1,"visible":true,"expansion_state":0,"options":{"engine":"r","label":"unnamed-chunk-39"},"document_id":"A62D1D92","chunk_id":"c5x1o0il7wpy7","chunk_label":"unnamed-chunk-3"},{"row":157,"row_count":1,"visible":true,"expansion_state":0,"options":{"engine":"r","label":"unnamed-chunk-42"},"document_id":"A62D1D92","chunk_id":"cuo9wmf0t715m","chunk_label":"unnamed-chunk-4"}],"doc_write_time":1688342879}